Date,Total Transactions,Traded Shares,TotalTraded Amount,Maximum Price,Minimum Price,Closing Price,Opening Price,SMA,EMA,ema_12,ema_26,macd_12_26_9,signal_12_26_9,hist_12_26_9,RSI_21
2016-09-18,8.0,455000.0,45500000.0,100.0,100.0,100.0,100.0,0.0,0.0,0.0,0.0,0.0,0.0,0.0,0.0
2016-09-19,8.0,455000.0,45500000.0,100.0,100.0,100.0,100.0,0.0,0.0,0.0,0.0,0.0,0.0,0.0,0.0
2016-09-20,8.0,455000.0,45500000.0,100.0,100.0,100.0,100.0,0.0,0.0,0.0,0.0,0.0,0.0,0.0,0.0
2016-09-21,8.0,455000.0,45500000.0,100.0,100.0,100.0,100.0,0.0,0.0,0.0,0.0,0.0,0.0,0.0,0.0
2016-09-22,8.0,455000.0,45500000.0,100.0,100.0,100.0,100.0,0.0,0.0,0.0,0.0,0.0,0.0,0.0,0.0
2016-09-23,8.0,455000.0,45500000.0,100.0,100.0,100.0,100.0,0.0,0.0,0.0,0.0,0.0,0.0,0.0,0.0
2016-09-24,8.0,455000.0,45500000.0,100.0,100.0,100.0,100.0,0.0,0.0,0.0,0.0,0.0,0.0,0.0,0.0
2016-09-25,2.0,71250.0,7125000.0,100.0,100.0,100.0,100.0,0.0,0.0,0.0,0.0,0.0,0.0,0.0,0.0
2016-09-26,2.0,71250.0,7125000.0,100.0,100.0,100.0,100.0,0.0,0.0,0.0,0.0,0.0,0.0,0.0,0.0
2016-09-27,2.0,71250.0,7125000.0,100.0,100.0,100.0,100.0,0.0,0.0,0.0,0.0,0.0,0.0,0.0,0.0
2016-09-28,2.0,71250.0,7125000.0,100.0,100.0,100.0,100.0,0.0,0.0,0.0,0.0,0.0,0.0,0.0,0.0
2016-09-29,2.0,71250.0,7125000.0,100.0,100.0,100.0,100.0,0.0,0.0,100.0,0.0,0.0,0.0,0.0,0.0
2016-09-30,2.0,71250.0,7125000.0,100.0,100.0,100.0,100.0,0.0,0.0,100.0,0.0,0.0,0.0,0.0,0.0
2016-10-01,2.0,71250.0,7125000.0,100.0,100.0,100.0,100.0,100.0,100.0,100.0,0.0,0.0,0.0,0.0,0.0
2016-10-02,2.0,71250.0,7125000.0,100.0,100.0,100.0,100.0,100.0,100.0,100.0,0.0,0.0,0.0,0.0,0.0
2016-10-03,2.0,71250.0,7125000.0,100.0,100.0,100.0,100.0,100.0,100.0,100.0,0.0,0.0,0.0,0.0,0.0
2016-10-04,2.0,71250.0,7125000.0,100.0,100.0,100.0,100.0,100.0,100.0,100.0,0.0,0.0,0.0,0.0,0.0
2016-10-05,2.0,71250.0,7125000.0,100.0,100.0,100.0,100.0,100.0,100.0,100.0,0.0,0.0,0.0,0.0,0.0
2016-10-06,2.0,71250.0,7125000.0,100.0,100.0,100.0,100.0,100.0,100.0,100.0,0.0,0.0,0.0,0.0,0.0
2016-10-07,2.0,71250.0,7125000.0,100.0,100.0,100.0,100.0,100.0,100.0,100.0,0.0,0.0,0.0,0.0,0.0
2016-10-08,2.0,71250.0,7125000.0,100.0,100.0,100.0,100.0,100.0,100.0,100.0,0.0,0.0,0.0,0.0,0.0
2016-10-09,2.0,71250.0,7125000.0,100.0,100.0,100.0,100.0,100.0,100.0,100.0,0.0,0.0,0.0,0.0,0.0
2016-10-10,2.0,71250.0,7125000.0,100.0,100.0,100.0,100.0,100.0,100.0,100.0,0.0,0.0,0.0,0.0,0.0
2016-10-11,2.0,71250.0,7125000.0,100.0,100.0,100.0,100.0,100.0,100.0,100.0,0.0,0.0,0.0,0.0,0.0
2016-10-12,2.0,71250.0,7125000.0,100.0,100.0,100.0,100.0,100.0,100.0,100.0,0.0,0.0,0.0,0.0,0.0
2016-10-13,2.0,71250.0,7125000.0,100.0,100.0,100.0,100.0,100.0,100.0,100.0,100.0,0.0,0.0,0.0,0.0
2016-10-14,2.0,71250.0,7125000.0,100.0,100.0,100.0,100.0,100.0,100.0,100.0,100.0,0.0,0.0,0.0,0.0
2016-10-15,2.0,71250.0,7125000.0,100.0,100.0,100.0,100.0,100.0,100.0,100.0,100.0,0.0,0.0,0.0,0.0
2016-10-16,2.0,71250.0,7125000.0,100.0,100.0,100.0,100.0,100.0,100.0,100.0,100.0,0.0,0.0,0.0,0.0
2016-10-17,2.0,71250.0,7125000.0,100.0,100.0,100.0,100.0,100.0,100.0,100.0,100.0,0.0,0.0,0.0,0.0
2016-10-18,2.0,71250.0,7125000.0,100.0,100.0,100.0,100.0,100.0,100.0,100.0,100.0,0.0,0.0,0.0,0.0
2016-10-19,1.0,42500.0,4250000.0,100.0,100.0,100.0,100.0,100.0,100.0,100.0,100.0,0.0,0.0,0.0,0.0
2016-10-20,1.0,42500.0,4250000.0,100.0,100.0,100.0,100.0,100.0,100.0,100.0,100.0,0.0,0.0,0.0,0.0
2016-10-21,1.0,42500.0,4250000.0,100.0,100.0,100.0,100.0,100.0,100.0,100.0,100.0,0.0,0.0,0.0,0.0
2016-10-22,1.0,42500.0,4250000.0,100.0,100.0,100.0,100.0,100.0,100.0,100.0,100.0,0.0,0.0,0.0,0.0
2016-10-23,1.0,42500.0,4250000.0,100.0,100.0,100.0,100.0,100.0,100.0,100.0,100.0,0.0,0.0,0.0,0.0
2016-10-24,1.0,42500.0,4250000.0,100.0,100.0,100.0,100.0,100.0,100.0,100.0,100.0,0.0,0.0,0.0,0.0
2016-10-25,1.0,42500.0,4250000.0,100.0,100.0,100.0,100.0,100.0,100.0,100.0,100.0,0.0,0.0,0.0,0.0
2016-10-26,1.0,42500.0,4250000.0,100.0,100.0,100.0,100.0,100.0,100.0,100.0,100.0,0.0,0.0,0.0,0.0
2016-10-27,1.0,42500.0,4250000.0,100.0,100.0,100.0,100.0,100.0,100.0,100.0,100.0,0.0,0.0,0.0,0.0
2016-10-28,1.0,42500.0,4250000.0,100.0,100.0,100.0,100.0,100.0,100.0,100.0,100.0,0.0,0.0,0.0,0.0
2016-10-29,1.0,42500.0,4250000.0,100.0,100.0,100.0,100.0,100.0,100.0,100.0,100.0,0.0,0.0,0.0,0.0
2016-10-30,1.0,42500.0,4250000.0,100.0,100.0,100.0,100.0,100.0,100.0,100.0,100.0,0.0,0.0,0.0,0.0
2016-10-31,1.0,42500.0,4250000.0,100.0,100.0,100.0,100.0,100.0,100.0,100.0,100.0,0.0,0.0,0.0,0.0
2016-11-01,1.0,42500.0,4250000.0,100.0,100.0,100.0,100.0,100.0,100.0,100.0,100.0,0.0,0.0,0.0,0.0
2016-11-02,1.0,42500.0,4250000.0,100.0,100.0,100.0,100.0,100.0,100.0,100.0,100.0,0.0,0.0,0.0,0.0
2016-11-03,1.0,42500.0,4250000.0,100.0,100.0,100.0,100.0,100.0,100.0,100.0,100.0,0.0,0.0,0.0,0.0
2016-11-04,1.0,42500.0,4250000.0,100.0,100.0,100.0,100.0,100.0,100.0,100.0,100.0,0.0,0.0,0.0,0.0
2016-11-05,1.0,42500.0,4250000.0,100.0,100.0,100.0,100.0,100.0,100.0,100.0,100.0,0.0,0.0,0.0,0.0
2016-11-06,1.0,42500.0,4250000.0,100.0,100.0,100.0,100.0,100.0,100.0,100.0,100.0,0.0,0.0,0.0,0.0
2016-11-07,1.0,42500.0,4250000.0,100.0,100.0,100.0,100.0,100.0,100.0,100.0,100.0,0.0,0.0,0.0,0.0
2016-11-08,1.0,42500.0,4250000.0,100.0,100.0,100.0,100.0,100.0,100.0,100.0,100.0,0.0,0.0,0.0,0.0
2016-11-09,1.0,42500.0,4250000.0,100.0,100.0,100.0,100.0,100.0,100.0,100.0,100.0,0.0,0.0,0.0,0.0
2016-11-10,1.0,42500.0,4250000.0,100.0,100.0,100.0,100.0,100.0,100.0,100.0,100.0,0.0,0.0,0.0,0.0
2016-11-11,1.0,42500.0,4250000.0,100.0,100.0,100.0,100.0,100.0,100.0,100.0,100.0,0.0,0.0,0.0,0.0
2016-11-12,1.0,42500.0,4250000.0,100.0,100.0,100.0,100.0,100.0,100.0,100.0,100.0,0.0,0.0,0.0,0.0
2016-11-13,1.0,42500.0,4250000.0,100.0,100.0,100.0,100.0,100.0,100.0,100.0,100.0,0.0,0.0,0.0,0.0
2016-11-14,1.0,42500.0,4250000.0,100.0,100.0,100.0,100.0,100.0,100.0,100.0,100.0,0.0,0.0,0.0,0.0
2016-11-15,1.0,42500.0,4250000.0,100.0,100.0,100.0,100.0,100.0,100.0,100.0,100.0,0.0,0.0,0.0,0.0
2016-11-16,1.0,42500.0,4250000.0,100.0,100.0,100.0,100.0,100.0,100.0,100.0,100.0,0.0,0.0,0.0,0.0
2016-11-17,1.0,42500.0,4250000.0,100.0,100.0,100.0,100.0,100.0,100.0,100.0,100.0,0.0,0.0,0.0,0.0
2016-11-18,1.0,42500.0,4250000.0,100.0,100.0,100.0,100.0,100.0,100.0,100.0,100.0,0.0,0.0,0.0,0.0
2016-11-19,1.0,42500.0,4250000.0,100.0,100.0,100.0,100.0,100.0,100.0,100.0,100.0,0.0,0.0,0.0,0.0
2016-11-20,1.0,42500.0,4250000.0,100.0,100.0,100.0,100.0,100.0,100.0,100.0,100.0,0.0,0.0,0.0,0.0
2016-11-21,1.0,42500.0,4250000.0,100.0,100.0,100.0,100.0,100.0,100.0,100.0,100.0,0.0,0.0,0.0,0.0
2016-11-22,1.0,42500.0,4250000.0,100.0,100.0,100.0,100.0,100.0,100.0,100.0,100.0,0.0,0.0,0.0,0.0
2016-11-23,1.0,42500.0,4250000.0,100.0,100.0,100.0,100.0,100.0,100.0,100.0,100.0,0.0,0.0,0.0,0.0
2016-11-24,1.0,42500.0,4250000.0,100.0,100.0,100.0,100.0,100.0,100.0,100.0,100.0,0.0,0.0,0.0,0.0
2016-11-25,1.0,42500.0,4250000.0,100.0,100.0,100.0,100.0,100.0,100.0,100.0,100.0,0.0,0.0,0.0,0.0
2016-11-26,1.0,42500.0,4250000.0,100.0,100.0,100.0,100.0,100.0,100.0,100.0,100.0,0.0,0.0,0.0,0.0
2016-11-27,1.0,42500.0,4250000.0,100.0,100.0,100.0,100.0,100.0,100.0,100.0,100.0,0.0,0.0,0.0,0.0
2016-11-28,1.0,42500.0,4250000.0,100.0,100.0,100.0,100.0,100.0,100.0,100.0,100.0,0.0,0.0,0.0,0.0
2016-11-29,1.0,42500.0,4250000.0,100.0,100.0,100.0,100.0,100.0,100.0,100.0,100.0,0.0,0.0,0.0,0.0
2016-11-30,1.0,42500.0,4250000.0,100.0,100.0,100.0,100.0,100.0,100.0,100.0,100.0,0.0,0.0,0.0,0.0
2016-12-01,1.0,42500.0,4250000.0,100.0,100.0,100.0,100.0,100.0,100.0,100.0,100.0,0.0,0.0,0.0,0.0
2016-12-02,1.0,42500.0,4250000.0,100.0,100.0,100.0,100.0,100.0,100.0,100.0,100.0,0.0,0.0,0.0,0.0
2016-12-03,1.0,42500.0,4250000.0,100.0,100.0,100.0,100.0,100.0,100.0,100.0,100.0,0.0,0.0,0.0,0.0
2016-12-04,1.0,42500.0,4250000.0,100.0,100.0,100.0,100.0,100.0,100.0,100.0,100.0,0.0,0.0,0.0,0.0
2016-12-05,1.0,42500.0,4250000.0,100.0,100.0,100.0,100.0,100.0,100.0,100.0,100.0,0.0,0.0,0.0,0.0
2016-12-06,1.0,42500.0,4250000.0,100.0,100.0,100.0,100.0,100.0,100.0,100.0,100.0,0.0,0.0,0.0,0.0
2016-12-07,1.0,42500.0,4250000.0,100.0,100.0,100.0,100.0,100.0,100.0,100.0,100.0,0.0,0.0,0.0,0.0
2016-12-08,1.0,42500.0,4250000.0,100.0,100.0,100.0,100.0,100.0,100.0,100.0,100.0,0.0,0.0,0.0,0.0
2016-12-09,1.0,42500.0,4250000.0,100.0,100.0,100.0,100.0,100.0,100.0,100.0,100.0,0.0,0.0,0.0,0.0
2016-12-10,1.0,42500.0,4250000.0,100.0,100.0,100.0,100.0,100.0,100.0,100.0,100.0,0.0,0.0,0.0,0.0
2016-12-11,1.0,42500.0,4250000.0,100.0,100.0,100.0,100.0,100.0,100.0,100.0,100.0,0.0,0.0,0.0,0.0
2016-12-12,1.0,42500.0,4250000.0,100.0,100.0,100.0,100.0,100.0,100.0,100.0,100.0,0.0,0.0,0.0,0.0
2016-12-13,1.0,42500.0,4250000.0,100.0,100.0,100.0,100.0,100.0,100.0,100.0,100.0,0.0,0.0,0.0,0.0
2016-12-14,1.0,42500.0,4250000.0,100.0,100.0,100.0,100.0,100.0,100.0,100.0,100.0,0.0,0.0,0.0,0.0
2016-12-15,1.0,42500.0,4250000.0,100.0,100.0,100.0,100.0,100.0,100.0,100.0,100.0,0.0,0.0,0.0,0.0
2016-12-16,1.0,42500.0,4250000.0,100.0,100.0,100.0,100.0,100.0,100.0,100.0,100.0,0.0,0.0,0.0,0.0
2016-12-17,1.0,42500.0,4250000.0,100.0,100.0,100.0,100.0,100.0,100.0,100.0,100.0,0.0,0.0,0.0,0.0
2016-12-18,1.0,42500.0,4250000.0,100.0,100.0,100.0,100.0,100.0,100.0,100.0,100.0,0.0,0.0,0.0,0.0
2016-12-19,1.0,42500.0,4250000.0,100.0,100.0,100.0,100.0,100.0,100.0,100.0,100.0,0.0,0.0,0.0,0.0
2016-12-20,1.0,42500.0,4250000.0,100.0,100.0,100.0,100.0,100.0,100.0,100.0,100.0,0.0,0.0,0.0,0.0
2016-12-21,1.0,42500.0,4250000.0,100.0,100.0,100.0,100.0,100.0,100.0,100.0,100.0,0.0,0.0,0.0,0.0
2016-12-22,1.0,42500.0,4250000.0,100.0,100.0,100.0,100.0,100.0,100.0,100.0,100.0,0.0,0.0,0.0,0.0
2016-12-23,1.0,42500.0,4250000.0,100.0,100.0,100.0,100.0,100.0,100.0,100.0,100.0,0.0,0.0,0.0,0.0
2016-12-24,1.0,42500.0,4250000.0,100.0,100.0,100.0,100.0,100.0,100.0,100.0,100.0,0.0,0.0,0.0,0.0
2016-12-25,1.0,42500.0,4250000.0,100.0,100.0,100.0,100.0,100.0,100.0,100.0,100.0,0.0,0.0,0.0,0.0
2016-12-26,1.0,42500.0,4250000.0,100.0,100.0,100.0,100.0,100.0,100.0,100.0,100.0,0.0,0.0,0.0,0.0
2016-12-27,1.0,42500.0,4250000.0,100.0,100.0,100.0,100.0,100.0,100.0,100.0,100.0,0.0,0.0,0.0,0.0
2016-12-28,1.0,42500.0,4250000.0,100.0,100.0,100.0,100.0,100.0,100.0,100.0,100.0,0.0,0.0,0.0,0.0
2016-12-29,1.0,42500.0,4250000.0,100.0,100.0,100.0,100.0,100.0,100.0,100.0,100.0,0.0,0.0,0.0,0.0
2016-12-30,1.0,42500.0,4250000.0,100.0,100.0,100.0,100.0,100.0,100.0,100.0,100.0,0.0,0.0,0.0,0.0
2016-12-31,1.0,42500.0,4250000.0,100.0,100.0,100.0,100.0,100.0,100.0,100.0,100.0,0.0,0.0,0.0,0.0
2017-01-01,2.0,2000.0,200000.0,100.0,100.0,100.0,100.0,100.0,100.0,100.0,100.0,0.0,0.0,0.0,0.0
2017-01-02,2.0,2000.0,200000.0,100.0,100.0,100.0,100.0,100.0,100.0,100.0,100.0,0.0,0.0,0.0,0.0
2017-01-03,2.0,2000.0,200000.0,100.0,100.0,100.0,100.0,100.0,100.0,100.0,100.0,0.0,0.0,0.0,0.0
2017-01-04,2.0,2000.0,200000.0,100.0,100.0,100.0,100.0,100.0,100.0,100.0,100.0,0.0,0.0,0.0,0.0
2017-01-05,2.0,2000.0,200000.0,100.0,100.0,100.0,100.0,100.0,100.0,100.0,100.0,0.0,0.0,0.0,0.0
2017-01-06,2.0,2000.0,200000.0,100.0,100.0,100.0,100.0,100.0,100.0,100.0,100.0,0.0,0.0,0.0,0.0
2017-01-07,2.0,2000.0,200000.0,100.0,100.0,100.0,100.0,100.0,100.0,100.0,100.0,0.0,0.0,0.0,0.0
2017-01-08,2.0,2000.0,200000.0,100.0,100.0,100.0,100.0,100.0,100.0,100.0,100.0,0.0,0.0,0.0,0.0
2017-01-09,2.0,2000.0,200000.0,100.0,100.0,100.0,100.0,100.0,100.0,100.0,100.0,0.0,0.0,0.0,0.0
2017-01-10,5.0,2200.0,224600.0,104.0,100.0,102.0,100.0,100.14286,100.26667,100.30769,100.14815,0.15954,0.03191,0.12764,100.0
2017-01-11,5.0,2200.0,224600.0,104.0,102.0,102.0,102.0,100.28571,100.49778,100.56805,100.28532,0.28272,0.08207,0.20065,100.0
2017-01-12,5.0,2200.0,224600.0,104.0,102.0,102.0,102.0,100.42857,100.69807,100.78835,100.41234,0.37601,0.14086,0.23515,100.0
2017-01-13,5.0,2200.0,224600.0,104.0,102.0,102.0,102.0,100.57143,100.87166,100.97476,100.52994,0.44482,0.20165,0.24316,100.0
2017-01-14,5.0,2200.0,224600.0,104.0,102.0,102.0,102.0,100.71429,101.02211,101.13249,100.63883,0.49365,0.26005,0.2336,100.0
2017-01-15,5.0,2200.0,224600.0,104.0,102.0,102.0,102.0,100.85714,101.15249,101.26595,100.73966,0.52629,0.3133,0.21299,100.0
2017-01-16,5.0,2200.0,224600.0,104.0,102.0,102.0,102.0,101.0,101.2655,101.37888,100.83302,0.54586,0.35981,0.18605,100.0
2017-01-17,1.0,1001.0,104104.0,104.0,102.0,104.0,102.0,101.28571,101.6301,101.78213,101.06761,0.71452,0.43075,0.28377,100.0
2017-01-18,1.0,1001.0,104104.0,104.0,104.0,104.0,104.0,101.57143,101.94608,102.12334,101.28482,0.83852,0.51231,0.32621,100.0
2017-01-19,1.0,1001.0,104104.0,104.0,104.0,104.0,104.0,101.85714,102.21994,102.41206,101.48595,0.92611,0.59507,0.33104,100.0
2017-01-20,1.0,1001.0,104104.0,104.0,104.0,104.0,104.0,102.14286,102.45728,102.65636,101.67217,0.98418,0.67289,0.31129,100.0
2017-01-21,1.0,1001.0,104104.0,104.0,104.0,104.0,104.0,102.42857,102.66298,102.86307,101.84461,1.01846,0.742,0.27646,100.0
2017-01-22,1.0,1001.0,104104.0,104.0,104.0,104.0,104.0,102.71429,102.84125,103.03798,102.00426,1.03372,0.80035,0.23337,100.0
2017-01-23,1.0,1001.0,104104.0,104.0,104.0,104.0,104.0,103.0,102.99575,103.18599,102.1521,1.03389,0.84706,0.18683,100.0
2017-01-24,1.0,1001.0,104104.0,104.0,104.0,104.0,104.0,103.14286,103.12965,103.31122,102.28898,1.02224,0.88209,0.14015,100.0
2017-01-25,1.0,1001.0,104104.0,104.0,104.0,104.0,104.0,103.28571,103.24569,103.41718,102.41572,1.00146,0.90597,0.0955,100.0
2017-01-26,1.0,1001.0,104104.0,104.0,104.0,104.0,104.0,103.42857,103.34627,103.50685,102.53308,0.97377,0.91953,0.05425,100.0
2017-01-27,1.0,1001.0,104104.0,104.0,104.0,104.0,104.0,103.57143,103.43343,103.58272,102.64174,0.94098,0.92382,0.01716,100.0
2017-01-28,1.0,1001.0,104104.0,104.0,104.0,104.0,104.0,103.71429,103.50897,103.64692,102.74235,0.90457,0.91997,-0.0154,100.0
2017-01-29,1.0,1001.0,104104.0,104.0,104.0,104.0,104.0,103.85714,103.57444,103.70124,102.83551,0.86573,0.90912,-0.04339,100.0
2017-01-30,1.0,1001.0,104104.0,104.0,104.0,104.0,104.0,104.0,103.63119,103.7472,102.92177,0.82543,0.89238,-0.06695,100.0
2017-01-31,5.0,101000.0,11063992.0,114.0,104.0,114.0,104.0,104.71429,105.01369,105.32455,103.74238,1.58218,1.03034,0.55184,100.0
2017-02-01,5.0,101000.0,11063992.0,114.0,106.0,114.0,114.0,105.42857,106.21187,106.65924,104.5022,2.15704,1.25568,0.90136,100.0
2017-02-02,5.0,101000.0,11063992.0,114.0,106.0,114.0,114.0,106.14286,107.25029,107.78859,105.20574,2.58284,1.52111,1.06173,100.0
2017-02-03,5.0,101000.0,11063992.0,114.0,106.0,114.0,114.0,106.85714,108.15025,108.74419,105.85717,2.88702,1.7943,1.09273,100.0
2017-02-04,5.0,101000.0,11063992.0,114.0,106.0,114.0,114.0,107.57143,108.93021,109.55277,106.46034,3.09243,2.05392,1.03851,100.0
2017-02-05,5.0,101000.0,11063992.0,114.0,106.0,114.0,114.0,108.28571,109.60619,110.23696,107.01883,3.21813,2.28676,0.93137,100.0
2017-02-06,5.0,101000.0,11063992.0,114.0,106.0,114.0,114.0,109.0,110.19203,110.81589,107.53596,3.27993,2.4854,0.79454,100.0
2017-02-07,5.0,101000.0,11063992.0,114.0,106.0,114.0,114.0,109.71429,110.69976,111.30575,108.01478,3.29098,2.64651,0.64446,100.0
2017-02-08,5.0,101000.0,11063992.0,114.0,106.0,114.0,114.0,110.42857,111.13979,111.72025,108.45813,3.26213,2.76964,0.49249,100.0
2017-02-09,5.0,101000.0,11063992.0,114.0,106.0,114.0,114.0,111.14286,111.52115,112.07098,108.86863,3.20235,2.85618,0.34617,100.0
2017-02-10,5.0,101000.0,11063992.0,114.0,106.0,114.0,114.0,111.85714,111.85166,112.36776,109.24874,3.11902,2.90875,0.21027,100.0
2017-02-11,5.0,101000.0,11063992.0,114.0,106.0,114.0,114.0,112.57143,112.13811,112.61887,109.60068,3.01819,2.93064,0.08755,100.0
2017-02-12,5.0,101000.0,11063992.0,114.0,106.0,114.0,114.0,113.28571,112.38636,112.83135,109.92656,2.9048,2.92547,-0.02067,100.0
2017-02-13,5.0,101000.0,11063992.0,114.0,106.0,114.0,114.0,114.0,112.60151,113.01114,110.22829,2.78285,2.89694,-0.11409,100.0
2017-02-14,5.0,101000.0,11063992.0,114.0,106.0,114.0,114.0,114.0,112.78798,113.16328,110.50768,2.6556,2.84867,-0.19308,100.0
2017-02-15,5.0,101000.0,11063992.0,114.0,106.0,114.0,114.0,114.0,112.94958,113.292,110.76637,2.52563,2.78407,-0.25843,100.0
2017-02-16,5.0,101000.0,11063992.0,114.0,106.0,114.0,114.0,114.0,113.08964,113.40093,111.0059,2.39503,2.70626,-0.31123,100.0
2017-02-17,5.0,101000.0,11063992.0,114.0,106.0,114.0,114.0,114.0,113.21102,113.49309,111.22768,2.26541,2.61809,-0.35268,100.0
2017-02-18,5.0,101000.0,11063992.0,114.0,106.0,114.0,114.0,114.0,113.31622,113.57108,111.43304,2.13804,2.52208,-0.38404,100.0
2017-02-19,5.0,101000.0,11063992.0,114.0,106.0,114.0,114.0,114.0,113.40739,113.63706,111.62318,2.01388,2.42044,-0.40656,100.0
2017-02-20,5.0,101000.0,11063992.0,114.0,106.0,114.0,114.0,114.0,113.4864,113.6929,111.79925,1.89366,2.31508,-0.42143,100.0
2017-02-21,5.0,101000.0,11063992.0,114.0,106.0,114.0,114.0,114.0,113.55488,113.74015,111.96226,1.77788,2.20764,-0.42976,100.0
2017-02-22,5.0,101000.0,11063992.0,114.0,106.0,114.0,114.0,114.0,113.61423,113.78012,112.11321,1.66692,2.0995,-0.43258,100.0
2017-02-23,5.0,101000.0,11063992.0,114.0,106.0,114.0,114.0,114.0,113.66567,113.81395,112.25297,1.56098,1.99179,-0.43081,100.0
2017-02-24,5.0,101000.0,11063992.0,114.0,106.0,114.0,114.0,114.0,113.71024,113.84257,112.38238,1.46019,1.88547,-0.42528,100.0
2017-02-25,5.0,101000.0,11063992.0,114.0,106.0,114.0,114.0,114.0,113.74888,113.86679,112.5022,1.36459,1.7813,-0.41671,100.0
2017-02-26,5.0,101000.0,11063992.0,114.0,106.0,114.0,114.0,114.0,113.78236,113.88729,112.61315,1.27414,1.67987,-0.40573,100.0
2017-02-27,5.0,101000.0,11063992.0,114.0,106.0,114.0,114.0,114.0,113.81138,113.90463,112.71588,1.18875,1.58164,-0.39289,100.0
2017-02-28,5.0,101000.0,11063992.0,114.0,106.0,114.0,114.0,114.0,113.83653,113.9193,112.811,1.1083,1.48697,-0.37867,100.0
2017-03-01,5.0,101000.0,11063992.0,114.0,106.0,114.0,114.0,114.0,113.85833,113.93172,112.89907,1.03264,1.39611,-0.36347,100.0
2017-03-02,5.0,101000.0,11063992.0,114.0,106.0,114.0,114.0,114.0,113.87722,113.94222,112.98062,0.9616,1.3092,-0.34761,100.0
2017-03-03,5.0,101000.0,11063992.0,114.0,106.0,114.0,114.0,114.0,113.89359,113.95111,113.05613,0.89498,1.22636,-0.33138,100.0
2017-03-04,5.0,101000.0,11063992.0,114.0,106.0,114.0,114.0,114.0,113.90778,113.95863,113.12605,0.83258,1.1476,-0.31502,100.0
2017-03-05,5.0,101000.0,11063992.0,114.0,106.0,114.0,114.0,114.0,113.92007,113.965,113.19079,0.77421,1.07292,-0.29872,100.0
2017-03-06,5.0,101000.0,11063992.0,114.0,106.0,114.0,114.0,114.0,113.93073,113.97038,113.25073,0.71965,1.00227,-0.28262,100.0
2017-03-07,5.0,101000.0,11063992.0,114.0,106.0,114.0,114.0,114.0,113.93997,113.97494,113.30623,0.66871,0.93556,-0.26685,100.0
2017-03-08,5.0,101000.0,11063992.0,114.0,106.0,114.0,114.0,114.0,113.94797,113.97879,113.35762,0.62117,0.87268,-0.25151,100.0
2017-03-09,5.0,101000.0,11063992.0,114.0,106.0,114.0,114.0,114.0,113.95491,113.98206,113.4052,0.57685,0.81351,-0.23666,100.0
2017-03-10,5.0,101000.0,11063992.0,114.0,106.0,114.0,114.0,114.0,113.96092,113.98482,113.44926,0.53555,0.75792,-0.22237,100.0
2017-03-11,5.0,101000.0,11063992.0,114.0,106.0,114.0,114.0,114.0,113.96613,113.98715,113.49006,0.49709,0.70576,-0.20866,100.0
2017-03-12,5.0,101000.0,11063992.0,114.0,106.0,114.0,114.0,114.0,113.97065,113.98913,113.52783,0.4613,0.65686,-0.19557,100.0
2017-03-13,5.0,101000.0,11063992.0,114.0,106.0,114.0,114.0,114.0,113.97456,113.9908,113.56281,0.42799,0.61109,-0.1831,100.0
2017-03-14,5.0,101000.0,11063992.0,114.0,106.0,114.0,114.0,114.0,113.97795,113.99222,113.59519,0.39702,0.56828,-0.17125,100.0
2017-03-15,5.0,101000.0,11063992.0,114.0,106.0,114.0,114.0,114.0,113.98089,113.99341,113.62518,0.36824,0.52827,-0.16003,100.0
2017-03-16,5.0,101000.0,11063992.0,114.0,106.0,114.0,114.0,114.0,113.98344,113.99443,113.65294,0.34148,0.49091,-0.14943,100.0
2017-03-17,5.0,101000.0,11063992.0,114.0,106.0,114.0,114.0,114.0,113.98565,113.99528,113.67865,0.31663,0.45606,-0.13942,100.0
2017-03-18,5.0,101000.0,11063992.0,114.0,106.0,114.0,114.0,114.0,113.98756,113.99601,113.70245,0.29356,0.42356,-0.13,100.0
2017-03-19,5.0,101000.0,11063992.0,114.0,106.0,114.0,114.0,114.0,113.98922,113.99662,113.72449,0.27213,0.39327,-0.12114,100.0
2017-03-20,5.0,101000.0,11063992.0,114.0,106.0,114.0,114.0,114.0,113.99066,113.99714,113.7449,0.25224,0.36507,-0.11282,100.0
2017-03-21,5.0,101000.0,11063992.0,114.0,106.0,114.0,114.0,114.0,113.9919,113.99758,113.7638,0.23378,0.33881,-0.10502,100.0
2017-03-22,5.0,101000.0,11063992.0,114.0,106.0,114.0,114.0,114.0,113.99298,113.99795,113.78129,0.21666,0.31438,-0.09772,100.0
2017-03-23,2.0,20.0,2340.0,118.0,114.0,118.0,114.0,114.28571,114.52725,114.61365,114.09379,0.51986,0.35548,0.16439,100.0
2017-03-24,2.0,20.0,2340.0,118.0,116.0,118.0,118.0,114.57143,114.99028,115.13463,114.38314,0.75149,0.43468,0.31681,100.0
2017-03-25,2.0,20.0,2340.0,118.0,116.0,118.0,118.0,114.85714,115.39158,115.57546,114.65106,0.9244,0.53262,0.39178,100.0
2017-03-26,2.0,20.0,2340.0,118.0,116.0,118.0,118.0,115.14286,115.73937,115.94846,114.89913,1.04934,0.63597,0.41337,100.0
2017-03-27,2.0,20.0,2340.0,118.0,116.0,118.0,118.0,115.42857,116.04079,116.26408,115.12882,1.13526,0.73583,0.39944,100.0
2017-03-28,2.0,20.0,2340.0,118.0,116.0,118.0,118.0,115.71429,116.30202,116.53115,115.3415,1.18965,0.82659,0.36306,100.0
2017-03-29,2.0,20.0,2340.0,118.0,116.0,118.0,118.0,116.0,116.52841,116.75713,115.53843,1.2187,0.90501,0.31369,100.0
2017-03-30,2.0,20.0,2340.0,118.0,116.0,118.0,118.0,116.28571,116.72462,116.94834,115.72076,1.22757,0.96952,0.25805,100.0
2017-03-31,2.0,20.0,2340.0,118.0,116.0,118.0,118.0,116.57143,116.89467,117.11013,115.8896,1.22053,1.01973,0.20081,100.0
2017-04-01,2.0,20.0,2340.0,118.0,116.0,118.0,118.0,116.85714,117.04205,117.24703,116.04592,1.20111,1.056,0.14511,100.0
2017-04-02,2.0,20.0,2340.0,118.0,116.0,118.0,118.0,117.14286,117.16978,117.36287,116.19067,1.17221,1.07924,0.09296,100.0
2017-04-03,2.0,20.0,2340.0,118.0,116.0,118.0,118.0,117.42857,117.28047,117.46089,116.32469,1.1362,1.09063,0.04557,100.0
2017-04-04,2.0,20.0,2340.0,118.0,116.0,118.0,118.0,117.71429,117.37641,117.54383,116.44879,1.09504,1.09152,0.00353,100.0
2017-04-05,2.0,20.0,2340.0,118.0,116.0,118.0,118.0,118.0,117.45956,117.61401,116.5637,1.05032,1.08328,-0.03296,100.0
2017-04-06,2.0,20.0,2340.0,118.0,116.0,118.0,118.0,118.0,117.53162,117.6734,116.67009,1.00331,1.06728,-0.06398,100.0
2017-04-07,2.0,20.0,2340.0,118.0,116.0,118.0,118.0,118.0,117.59407,117.72364,116.7686,0.95504,1.04483,-0.08979,100.0
2017-04-08,2.0,20.0,2340.0,118.0,116.0,118.0,118.0,118.0,117.64819,117.76616,116.85981,0.90634,1.01714,-0.11079,100.0
2017-04-09,2.0,20.0,2340.0,118.0,116.0,118.0,118.0,118.0,117.6951,117.80213,116.94427,0.85786,0.98528,-0.12742,100.0
2017-04-10,2.0,20.0,2340.0,118.0,116.0,118.0,118.0,118.0,117.73575,117.83258,117.02248,0.8101,0.95025,-0.14015,100.0
2017-04-11,2.0,20.0,2340.0,118.0,116.0,118.0,118.0,118.0,117.77099,117.85833,117.09488,0.76345,0.91289,-0.14944,100.0
2017-04-12,2.0,20.0,2340.0,118.0,116.0,118.0,118.0,118.0,117.80152,117.88013,117.16193,0.7182,0.87395,-0.15575,100.0
2017-04-13,2.0,20.0,2340.0,118.0,116.0,118.0,118.0,118.0,117.82798,117.89857,117.22401,0.67456,0.83407,-0.15951,100.0
2017-04-14,2.0,20.0,2340.0,118.0,116.0,118.0,118.0,118.0,117.85092,117.91417,117.28149,0.63268,0.79379,-0.16111,100.0
2017-04-15,2.0,20.0,2340.0,118.0,116.0,118.0,118.0,118.0,117.8708,117.92738,117.33471,0.59267,0.75357,-0.1609,100.0
2017-04-16,2.0,20.0,2340.0,118.0,116.0,118.0,118.0,118.0,117.88802,117.93855,117.38399,0.55456,0.71377,-0.15921,100.0
2017-04-17,2.0,20.0,2340.0,118.0,116.0,118.0,118.0,118.0,117.90295,117.948,117.42962,0.51838,0.67469,-0.15631,100.0
2017-04-18,2.0,20.0,2340.0,118.0,116.0,118.0,118.0,118.0,117.91589,117.956,117.47187,0.48413,0.63658,-0.15245,100.0
2017-04-19,2.0,20.0,2340.0,118.0,116.0,118.0,118.0,118.0,117.92711,117.96277,117.51099,0.45178,0.59962,-0.14784,100.0
2017-04-20,2.0,20.0,2340.0,118.0,116.0,118.0,118.0,118.0,117.93683,117.9685,117.54722,0.42128,0.56395,-0.14267,100.0
2017-04-21,2.0,20.0,2340.0,118.0,116.0,118.0,118.0,118.0,117.94525,117.97335,117.58076,0.39259,0.52968,-0.13709,100.0
2017-04-22,2.0,20.0,2340.0,118.0,116.0,118.0,118.0,118.0,117.95255,117.97745,117.61181,0.36564,0.49687,-0.13123,100.0
2017-04-23,2.0,20.0,2340.0,118.0,116.0,118.0,118.0,118.0,117.95888,117.98092,117.64057,0.34035,0.46557,-0.12522,100.0
2017-04-24,2.0,20.0,2340.0,118.0,116.0,118.0,118.0,118.0,117.96436,117.98385,117.66719,0.31666,0.43578,-0.11912,100.0
2017-04-25,2.0,20.0,2340.0,118.0,116.0,118.0,118.0,118.0,117.96911,117.98634,117.69184,0.29449,0.40753,-0.11303,100.0
2017-04-26,2.0,20.0,2340.0,118.0,116.0,118.0,118.0,118.0,117.97323,117.98844,117.71467,0.27377,0.38078,-0.10701,100.0
2017-04-27,2.0,20.0,2340.0,118.0,116.0,118.0,118.0,118.0,117.9768,117.99022,117.73581,0.25441,0.3555,-0.10109,100.0
2017-04-28,2.0,20.0,2340.0,118.0,116.0,118.0,118.0,118.0,117.97989,117.99172,117.75538,0.23635,0.33167,-0.09532,100.0
2017-04-29,2.0,20.0,2340.0,118.0,116.0,118.0,118.0,118.0,117.98257,117.993,117.7735,0.2195,0.30924,-0.08974,100.0
2017-04-30,2.0,20.0,2340.0,118.0,116.0,118.0,118.0,118.0,117.9849,117.99407,117.79027,0.2038,0.28815,-0.08435,100.0
2017-05-01,2.0,20.0,2340.0,118.0,116.0,118.0,118.0,118.0,117.98691,117.99499,117.80581,0.18918,0.26835,-0.07918,100.0
2017-05-02,2.0,20.0,2340.0,118.0,116.0,118.0,118.0,118.0,117.98866,117.99576,117.82019,0.17556,0.2498,-0.07423,100.0
2017-05-03,2.0,20.0,2340.0,118.0,116.0,118.0,118.0,118.0,117.99017,117.99641,117.83351,0.1629,0.23242,-0.06952,100.0
2017-05-04,2.0,20.0,2340.0,118.0,116.0,118.0,118.0,118.0,117.99148,117.99696,117.84584,0.15112,0.21616,-0.06504,100.0
2017-05-05,2.0,20.0,2340.0,118.0,116.0,118.0,118.0,118.0,117.99262,117.99743,117.85726,0.14017,0.20096,-0.06079,100.0
2017-05-06,2.0,20.0,2340.0,118.0,116.0,118.0,118.0,118.0,117.9936,117.99782,117.86784,0.12999,0.18676,-0.05678,100.0
2017-05-07,2.0,20.0,2340.0,118.0,116.0,118.0,118.0,118.0,117.99445,117.99816,117.87763,0.12053,0.17352,-0.05299,100.0
2017-05-08,2.0,20.0,2340.0,118.0,116.0,118.0,118.0,118.0,117.99519,117.99844,117.88669,0.11175,0.16116,-0.04941,100.0
2017-05-09,2.0,20.0,2340.0,118.0,116.0,118.0,118.0,118.0,117.99583,117.99868,117.89508,0.1036,0.14965,-0.04605,100.0
2017-05-10,2.0,20.0,2340.0,118.0,116.0,118.0,118.0,118.0,117.99639,117.99888,117.90286,0.09603,0.13893,-0.0429,100.0
2017-05-11,2.0,20.0,2340.0,118.0,116.0,118.0,118.0,118.0,117.99687,117.99906,117.91005,0.089,0.12894,-0.03994,100.0
2017-05-12,2.0,20.0,2340.0,118.0,116.0,118.0,118.0,118.0,117.99729,117.9992,117.91671,0.08249,0.11965,-0.03716,100.0
2017-05-13,2.0,20.0,2340.0,118.0,116.0,118.0,118.0,118.0,117.99765,117.99932,117.92288,0.07644,0.11101,-0.03457,100.0
2017-05-14,2.0,20.0,2340.0,118.0,116.0,118.0,118.0,118.0,117.99796,117.99943,117.9286,0.07083,0.10297,-0.03214,100.0
2017-05-15,2.0,20.0,2340.0,118.0,116.0,118.0,118.0,118.0,117.99823,117.99952,117.93389,0.06563,0.09551,-0.02987,100.0
2017-05-16,2.0,20.0,2340.0,118.0,116.0,118.0,118.0,118.0,117.99847,117.99959,117.93878,0.06081,0.08857,-0.02776,100.0
2017-05-17,2.0,20.0,2340.0,118.0,116.0,118.0,118.0,118.0,117.99867,117.99965,117.94332,0.05634,0.08212,-0.02578,100.0
2017-05-18,2.0,20.0,2340.0,118.0,116.0,118.0,118.0,118.0,117.99885,117.99971,117.94752,0.05219,0.07613,-0.02394,100.0
2017-05-19,2.0,20.0,2340.0,118.0,116.0,118.0,118.0,118.0,117.999,117.99975,117.9514,0.04835,0.07058,-0.02223,100.0
2017-05-20,2.0,20.0,2340.0,118.0,116.0,118.0,118.0,118.0,117.99914,117.99979,117.955,0.04479,0.06542,-0.02063,100.0
2017-05-21,2.0,20.0,2340.0,118.0,116.0,118.0,118.0,118.0,117.99925,117.99982,117.95834,0.04149,0.06063,-0.01915,100.0
2017-05-22,2.0,20.0,2340.0,118.0,116.0,118.0,118.0,118.0,117.99935,117.99985,117.96142,0.03843,0.05619,-0.01776,100.0
2017-05-23,2.0,20.0,2340.0,118.0,116.0,118.0,118.0,118.0,117.99944,117.99987,117.96428,0.03559,0.05207,-0.01648,100.0
2017-05-24,2.0,20.0,2340.0,118.0,116.0,118.0,118.0,118.0,117.99951,117.99989,117.96693,0.03297,0.04825,-0.01528,100.0
2017-05-25,2.0,20.0,2340.0,118.0,116.0,118.0,118.0,118.0,117.99958,117.99991,117.96938,0.03053,0.04471,-0.01417,100.0
2017-05-26,2.0,20.0,2340.0,118.0,116.0,118.0,118.0,118.0,117.99963,117.99992,117.97164,0.02828,0.04142,-0.01314,100.0
2017-05-27,2.0,20.0,2340.0,118.0,116.0,118.0,118.0,118.0,117.99968,117.99993,117.97375,0.02619,0.03837,-0.01219,100.0
2017-05-28,2.0,20.0,2340.0,118.0,116.0,118.0,118.0,118.0,117.99973,117.99994,117.97569,0.02426,0.03555,-0.0113,100.0
2017-05-29,2.0,20.0,2340.0,118.0,116.0,118.0,118.0,118.0,117.99976,117.99995,117.97749,0.02246,0.03293,-0.01047,100.0
2017-05-30,2.0,20.0,2340.0,118.0,116.0,118.0,118.0,118.0,117.99979,117.99996,117.97916,0.0208,0.03051,-0.0097,100.0
2017-05-31,2.0,20.0,2340.0,118.0,116.0,118.0,118.0,118.0,117.99982,117.99997,117.9807,0.01926,0.02826,-0.00899,100.0
2017-06-01,2.0,20.0,2340.0,118.0,116.0,118.0,118.0,118.0,117.99985,117.99997,117.98213,0.01784,0.02618,-0.00833,100.0
2017-06-02,2.0,20.0,2340.0,118.0,116.0,118.0,118.0,118.0,117.99987,117.99998,117.98345,0.01652,0.02424,-0.00772,100.0
2017-06-03,2.0,20.0,2340.0,118.0,116.0,118.0,118.0,118.0,117.99988,117.99998,117.98468,0.0153,0.02246,-0.00716,100.0
2017-06-04,2.0,20.0,2340.0,118.0,116.0,118.0,118.0,118.0,117.9999,117.99998,117.98582,0.01417,0.0208,-0.00663,100.0
2017-06-05,2.0,20.0,2340.0,118.0,116.0,118.0,118.0,118.0,117.99991,117.99999,117.98687,0.01312,0.01926,-0.00614,100.0
2017-06-06,2.0,20.0,2340.0,118.0,116.0,118.0,118.0,118.0,117.99992,117.99999,117.98784,0.01215,0.01784,-0.00569,100.0
2017-06-07,2.0,20.0,2340.0,118.0,116.0,118.0,118.0,118.0,117.99993,117.99999,117.98874,0.01125,0.01652,-0.00527,100.0
2017-06-08,2.0,20.0,2340.0,118.0,116.0,118.0,118.0,118.0,117.99994,117.99999,117.98957,0.01042,0.0153,-0.00488,100.0
2017-06-09,2.0,20.0,2340.0,118.0,116.0,118.0,118.0,118.0,117.99995,117.99999,117.99035,0.00965,0.01417,-0.00452,100.0
2017-06-10,2.0,20.0,2340.0,118.0,116.0,118.0,118.0,118.0,117.99996,117.99999,117.99106,0.00893,0.01312,-0.00419,100.0
2017-06-11,2.0,20.0,2340.0,118.0,116.0,118.0,118.0,118.0,117.99996,117.99999,117.99172,0.00827,0.01215,-0.00388,100.0
2017-06-12,2.0,20.0,2340.0,118.0,116.0,118.0,118.0,118.0,117.99997,118.0,117.99234,0.00766,0.01125,-0.00359,100.0
2017-06-13,2.0,20.0,2340.0,118.0,116.0,118.0,118.0,118.0,117.99997,118.0,117.9929,0.00709,0.01042,-0.00333,100.0
2017-06-14,2.0,20.0,2340.0,118.0,116.0,118.0,118.0,118.0,117.99998,118.0,117.99343,0.00657,0.00965,-0.00308,100.0
2017-06-15,2.0,20.0,2340.0,118.0,116.0,118.0,118.0,118.0,117.99998,118.0,117.99392,0.00608,0.00894,-0.00286,100.0
2017-06-16,2.0,20.0,2340.0,118.0,116.0,118.0,118.0,118.0,117.99998,118.0,117.99437,0.00563,0.00828,-0.00264,100.0
2017-06-17,2.0,20.0,2340.0,118.0,116.0,118.0,118.0,118.0,117.99998,118.0,117.99478,0.00521,0.00766,-0.00245,100.0
2017-06-18,2.0,20.0,2340.0,118.0,116.0,118.0,118.0,118.0,117.99999,118.0,117.99517,0.00483,0.0071,-0.00227,100.0
2017-06-19,2.0,20.0,2340.0,118.0,116.0,118.0,118.0,118.0,117.99999,118.0,117.99553,0.00447,0.00657,-0.0021,100.0
2017-06-20,2.0,20.0,2340.0,118.0,116.0,118.0,118.0,118.0,117.99999,118.0,117.99586,0.00414,0.00608,-0.00195,100.0
2017-06-21,1.0,53250.0,6390000.0,120.0,118.0,120.0,118.0,118.14286,118.26666,118.30769,118.14431,0.16338,0.03754,0.12583,100.0
2017-06-22,1.0,53250.0,6390000.0,120.0,120.0,120.0,120.0,118.28571,118.49777,118.56805,118.28177,0.28627,0.08729,0.19898,100.0
2017-06-23,1.0,53250.0,6390000.0,120.0,120.0,120.0,120.0,118.42857,118.69807,118.78835,118.40905,0.3793,0.14569,0.23361,100.0
2017-06-24,1.0,53250.0,6390000.0,120.0,120.0,120.0,120.0,118.57143,118.87166,118.97476,118.5269,0.44786,0.20612,0.24173,100.0
2017-06-25,1.0,53250.0,6390000.0,120.0,120.0,120.0,120.0,118.71429,119.0221,119.13249,118.63602,0.49647,0.26419,0.23228,100.0
2017-06-26,1.0,53250.0,6390000.0,120.0,120.0,120.0,120.0,118.85714,119.15249,119.26595,118.73705,0.5289,0.31713,0.21176,100.0
2017-06-27,1.0,53250.0,6390000.0,120.0,120.0,120.0,120.0,119.0,119.26549,119.37888,118.8306,0.54828,0.36336,0.18491,100.0
2017-06-28,1.0,53250.0,6390000.0,120.0,120.0,120.0,120.0,119.14286,119.36343,119.47444,118.91723,0.55721,0.40213,0.15508,100.0
2017-06-29,1.0,53250.0,6390000.0,120.0,120.0,120.0,120.0,119.28571,119.4483,119.55529,118.99743,0.55786,0.43328,0.12458,100.0
2017-06-30,1.0,53250.0,6390000.0,120.0,120.0,120.0,120.0,119.42857,119.52186,119.62371,119.0717,0.55201,0.45703,0.09499,100.0
2017-07-01,1.0,53250.0,6390000.0,120.0,120.0,120.0,120.0,119.57143,119.58561,119.6816,119.14046,0.54114,0.47385,0.06729,100.0
2017-07-02,1.0,53250.0,6390000.0,120.0,120.0,120.0,120.0,119.71429,119.64087,119.73058,119.20413,0.52646,0.48437,0.04209,100.0
2017-07-03,1.0,53250.0,6390000.0,120.0,120.0,120.0,120.0,119.85714,119.68875,119.77203,119.26308,0.50895,0.48929,0.01966,100.0
2017-07-04,1.0,53250.0,6390000.0,120.0,120.0,120.0,120.0,120.0,119.73025,119.80711,119.31767,0.48944,0.48932,0.00012,100.0
2017-07-05,1.0,53250.0,6390000.0,120.0,120.0,120.0,120.0,120.0,119.76622,119.83678,119.36821,0.46857,0.48517,-0.0166,100.0
2017-07-06,1.0,53250.0,6390000.0,120.0,120.0,120.0,120.0,120.0,119.79739,119.86189,119.41501,0.44688,0.47751,-0.03063,100.0
2017-07-07,1.0,53250.0,6390000.0,120.0,120.0,120.0,120.0,120.0,119.8244,119.88314,119.45834,0.4248,0.46697,-0.04217,100.0
2017-07-08,1.0,53250.0,6390000.0,120.0,120.0,120.0,120.0,120.0,119.84782,119.90112,119.49847,0.40265,0.4541,-0.05145,100.0
2017-07-09,1.0,53250.0,6390000.0,120.0,120.0,120.0,120.0,120.0,119.86811,119.91633,119.53562,0.38071,0.43943,-0.05871,100.0
2017-07-10,1.0,53250.0,6390000.0,120.0,120.0,120.0,120.0,120.0,119.88569,119.9292,119.57002,0.35919,0.42338,-0.06419,100.0
2017-07-11,1.0,53250.0,6390000.0,120.0,120.0,120.0,120.0,120.0,119.90093,119.94009,119.60187,0.33823,0.40635,-0.06812,100.0
2017-07-12,1.0,53250.0,6390000.0,120.0,120.0,120.0,120.0,120.0,119.91414,119.94931,119.63136,0.31795,0.38867,-0.07072,100.0
2017-07-13,1.0,53250.0,6390000.0,120.0,120.0,120.0,120.0,120.0,119.92559,119.95711,119.65866,0.29844,0.37062,-0.07218,100.0
2017-07-14,1.0,53250.0,6390000.0,120.0,120.0,120.0,120.0,120.0,119.93551,119.96371,119.68395,0.27976,0.35245,-0.07269,100.0
2017-07-15,1.0,53250.0,6390000.0,120.0,120.0,120.0,120.0,120.0,119.94411,119.96929,119.70736,0.26193,0.33435,-0.07242,100.0
2017-07-16,1.0,53250.0,6390000.0,120.0,120.0,120.0,120.0,120.0,119.95156,119.97402,119.72904,0.24498,0.31647,-0.07149,100.0
2017-07-17,1.0,53250.0,6390000.0,120.0,120.0,120.0,120.0,120.0,119.95802,119.97801,119.74911,0.22891,0.29896,-0.07005,100.0
2017-07-18,1.0,53250.0,6390000.0,120.0,120.0,120.0,120.0,120.0,119.96362,119.9814,119.76769,0.2137,0.28191,-0.06821,100.0
2017-07-19,1.0,53250.0,6390000.0,120.0,120.0,120.0,120.0,120.0,119.96847,119.98426,119.7849,0.19936,0.2654,-0.06604,100.0
2017-07-20,1.0,53250.0,6390000.0,120.0,120.0,120.0,120.0,120.0,119.97267,119.98668,119.80083,0.18585,0.24949,-0.06364,100.0
2017-07-21,1.0,53250.0,6390000.0,120.0,120.0,120.0,120.0,120.0,119.97632,119.98873,119.81559,0.17314,0.23422,-0.06108,100.0
2017-07-22,1.0,53250.0,6390000.0,120.0,120.0,120.0,120.0,120.0,119.97947,119.99046,119.82925,0.16122,0.21962,-0.0584,100.0
2017-07-23,1.0,53250.0,6390000.0,120.0,120.0,120.0,120.0,120.0,119.98221,119.99193,119.8419,0.15003,0.2057,-0.05567,100.0
2017-07-24,1.0,53250.0,6390000.0,120.0,120.0,120.0,120.0,120.0,119.98458,119.99317,119.85361,0.13956,0.19247,-0.05291,100.0
2017-07-25,1.0,53250.0,6390000.0,120.0,120.0,120.0,120.0,120.0,119.98664,119.99422,119.86445,0.12977,0.17993,-0.05016,100.0
2017-07-26,1.0,53250.0,6390000.0,120.0,120.0,120.0,120.0,120.0,119.98842,119.99511,119.87449,0.12062,0.16807,-0.04745,100.0
2017-07-27,1.0,53250.0,6390000.0,120.0,120.0,120.0,120.0,120.0,119.98996,119.99586,119.88379,0.11207,0.15687,-0.0448,100.0
2017-07-28,1.0,53250.0,6390000.0,120.0,120.0,120.0,120.0,120.0,119.9913,119.9965,119.8924,0.1041,0.14632,-0.04221,100.0
2017-07-29,1.0,53250.0,6390000.0,120.0,120.0,120.0,120.0,120.0,119.99246,119.99704,119.90037,0.09667,0.13639,-0.03972,100.0
2017-07-30,1.0,53250.0,6390000.0,120.0,120.0,120.0,120.0,120.0,119.99347,119.99749,119.90775,0.08975,0.12706,-0.03731,100.0
2017-07-31,1.0,53250.0,6390000.0,120.0,120.0,120.0,120.0,120.0,119.99434,119.99788,119.91458,0.0833,0.11831,-0.03501,100.0
2017-08-01,1.0,53250.0,6390000.0,120.0,120.0,120.0,120.0,120.0,119.99509,119.99821,119.92091,0.0773,0.11011,-0.03281,100.0
2017-08-02,1.0,53250.0,6390000.0,120.0,120.0,120.0,120.0,120.0,119.99575,119.99848,119.92677,0.07171,0.10243,-0.03071,100.0
2017-08-03,1.0,53250.0,6390000.0,120.0,120.0,120.0,120.0,120.0,119.99631,119.99872,119.93219,0.06652,0.09525,-0.02872,100.0
2017-08-04,1.0,53250.0,6390000.0,120.0,120.0,120.0,120.0,120.0,119.99681,119.99891,119.93721,0.0617,0.08854,-0.02684,100.0
2017-08-05,1.0,53250.0,6390000.0,120.0,120.0,120.0,120.0,120.0,119.99723,119.99908,119.94187,0.05721,0.08227,-0.02506,100.0
2017-08-06,1.0,53250.0,6390000.0,120.0,120.0,120.0,120.0,120.0,119.9976,119.99922,119.94617,0.05305,0.07643,-0.02338,100.0
2017-08-07,1.0,53250.0,6390000.0,120.0,120.0,120.0,120.0,120.0,119.99792,119.99934,119.95016,0.04918,0.07098,-0.0218,100.0
2017-08-08,1.0,53250.0,6390000.0,120.0,120.0,120.0,120.0,120.0,119.9982,119.99944,119.95385,0.04559,0.0659,-0.02031,100.0
2017-08-09,1.0,53250.0,6390000.0,120.0,120.0,120.0,120.0,120.0,119.99844,119.99953,119.95727,0.04226,0.06117,-0.01891,100.0
2017-08-10,1.0,53250.0,6390000.0,120.0,120.0,120.0,120.0,120.0,119.99865,119.9996,119.96043,0.03917,0.05677,-0.01761,100.0
2017-08-11,1.0,53250.0,6390000.0,120.0,120.0,120.0,120.0,120.0,119.99883,119.99966,119.96337,0.0363,0.05268,-0.01638,100.0
2017-08-12,1.0,53250.0,6390000.0,120.0,120.0,120.0,120.0,120.0,119.99898,119.99971,119.96608,0.03364,0.04887,-0.01523,100.0
2017-08-13,1.0,53250.0,6390000.0,120.0,120.0,120.0,120.0,120.0,119.99912,119.99976,119.96859,0.03117,0.04533,-0.01416,100.0
2017-08-14,1.0,53250.0,6390000.0,120.0,120.0,120.0,120.0,120.0,119.99924,119.9998,119.97092,0.02888,0.04204,-0.01316,100.0
2017-08-15,1.0,53250.0,6390000.0,120.0,120.0,120.0,120.0,120.0,119.99934,119.99983,119.97307,0.02675,0.03898,-0.01223,100.0
2017-08-16,1.0,53250.0,6390000.0,120.0,120.0,120.0,120.0,120.0,119.99943,119.99985,119.97507,0.02479,0.03614,-0.01136,100.0
2017-08-17,1.0,53250.0,6390000.0,120.0,120.0,120.0,120.0,120.0,119.9995,119.99988,119.97691,0.02296,0.03351,-0.01054,100.0
2017-08-18,1.0,53250.0,6390000.0,120.0,120.0,120.0,120.0,120.0,119.99957,119.9999,119.97862,0.02127,0.03106,-0.00979,100.0
2017-08-19,1.0,53250.0,6390000.0,120.0,120.0,120.0,120.0,120.0,119.99963,119.99991,119.98021,0.0197,0.02879,-0.00908,100.0
2017-08-20,1.0,53250.0,6390000.0,120.0,120.0,120.0,120.0,120.0,119.99968,119.99992,119.98167,0.01825,0.02668,-0.00843,100.0
2017-08-21,1.0,53250.0,6390000.0,120.0,120.0,120.0,120.0,120.0,119.99972,119.99994,119.98303,0.01691,0.02473,-0.00782,100.0
2017-08-22,1.0,53250.0,6390000.0,120.0,120.0,120.0,120.0,120.0,119.99976,119.99995,119.98429,0.01566,0.02291,-0.00725,100.0
2017-08-23,1.0,53250.0,6390000.0,120.0,120.0,120.0,120.0,120.0,119.99979,119.99995,119.98545,0.0145,0.02123,-0.00673,100.0
2017-08-24,1.0,53250.0,6390000.0,120.0,120.0,120.0,120.0,120.0,119.99982,119.99996,119.98653,0.01343,0.01967,-0.00624,100.0
2017-08-25,1.0,53250.0,6390000.0,120.0,120.0,120.0,120.0,120.0,119.99984,119.99997,119.98753,0.01244,0.01822,-0.00578,100.0
2017-08-26,1.0,53250.0,6390000.0,120.0,120.0,120.0,120.0,120.0,119.99986,119.99997,119.98845,0.01152,0.01688,-0.00536,100.0
2017-08-27,1.0,53250.0,6390000.0,120.0,120.0,120.0,120.0,120.0,119.99988,119.99998,119.98931,0.01067,0.01564,-0.00497,100.0
2017-08-28,1.0,53250.0,6390000.0,120.0,120.0,120.0,120.0,120.0,119.9999,119.99998,119.9901,0.00988,0.01449,-0.00461,100.0
2017-08-29,1.0,53250.0,6390000.0,120.0,120.0,120.0,120.0,120.0,119.99991,119.99998,119.99083,0.00915,0.01342,-0.00427,100.0
2017-08-30,1.0,53250.0,6390000.0,120.0,120.0,120.0,120.0,120.0,119.99992,119.99999,119.99151,0.00847,0.01243,-0.00396,100.0
2017-08-31,1.0,53250.0,6390000.0,120.0,120.0,120.0,120.0,120.0,119.99993,119.99999,119.99214,0.00785,0.01152,-0.00367,100.0
2017-09-01,1.0,53250.0,6390000.0,120.0,120.0,120.0,120.0,120.0,119.99994,119.99999,119.99272,0.00727,0.01067,-0.0034,100.0
2017-09-02,1.0,53250.0,6390000.0,120.0,120.0,120.0,120.0,120.0,119.99995,119.99999,119.99326,0.00673,0.00988,-0.00315,100.0
2017-09-03,1.0,53250.0,6390000.0,120.0,120.0,120.0,120.0,120.0,119.99996,119.99999,119.99376,0.00623,0.00915,-0.00292,100.0
2017-09-04,1.0,53250.0,6390000.0,120.0,120.0,120.0,120.0,120.0,119.99996,119.99999,119.99422,0.00577,0.00847,-0.0027,100.0
2017-09-05,1.0,53250.0,6390000.0,120.0,120.0,120.0,120.0,120.0,119.99997,119.99999,119.99465,0.00534,0.00785,-0.0025,100.0
2017-09-06,1.0,53250.0,6390000.0,120.0,120.0,120.0,120.0,120.0,119.99997,120.0,119.99505,0.00495,0.00727,-0.00232,100.0
2017-09-07,1.0,53250.0,6390000.0,120.0,120.0,120.0,120.0,120.0,119.99998,120.0,119.99541,0.00458,0.00673,-0.00215,100.0
2017-09-08,1.0,53250.0,6390000.0,120.0,120.0,120.0,120.0,120.0,119.99998,120.0,119.99575,0.00424,0.00623,-0.00199,100.0
2017-09-09,1.0,53250.0,6390000.0,120.0,120.0,120.0,120.0,120.0,119.99998,120.0,119.99607,0.00393,0.00577,-0.00184,100.0
2017-09-10,1.0,53250.0,6390000.0,120.0,120.0,120.0,120.0,120.0,119.99998,120.0,119.99636,0.00364,0.00535,-0.00171,100.0
2017-09-11,1.0,53250.0,6390000.0,120.0,120.0,120.0,120.0,120.0,119.99999,120.0,119.99663,0.00337,0.00495,-0.00158,100.0
2017-09-12,1.0,53250.0,6390000.0,120.0,120.0,120.0,120.0,120.0,119.99999,120.0,119.99688,0.00312,0.00458,-0.00146,100.0
2017-09-13,1.0,53250.0,6390000.0,120.0,120.0,120.0,120.0,120.0,119.99999,120.0,119.99711,0.00289,0.00425,-0.00136,100.0
2017-09-14,1.0,53250.0,6390000.0,120.0,120.0,120.0,120.0,120.0,119.99999,120.0,119.99732,0.00267,0.00393,-0.00126,100.0
2017-09-15,1.0,53250.0,6390000.0,120.0,120.0,120.0,120.0,120.0,119.99999,120.0,119.99752,0.00248,0.00364,-0.00116,100.0
2017-09-16,1.0,53250.0,6390000.0,120.0,120.0,120.0,120.0,120.0,119.99999,120.0,119.99771,0.00229,0.00337,-0.00108,100.0
2017-09-17,1.0,53250.0,6390000.0,120.0,120.0,120.0,120.0,120.0,119.99999,120.0,119.99788,0.00212,0.00312,-0.001,100.0
2017-09-18,1.0,53250.0,6390000.0,120.0,120.0,120.0,120.0,120.0,119.99999,120.0,119.99803,0.00197,0.00289,-0.00092,100.0
2017-09-19,1.0,53250.0,6390000.0,120.0,120.0,120.0,120.0,120.0,120.0,120.0,119.99818,0.00182,0.00268,-0.00086,100.0
2017-09-20,1.0,53250.0,6390000.0,120.0,120.0,120.0,120.0,120.0,120.0,120.0,119.99831,0.00169,0.00248,-0.00079,100.0
2017-09-21,1.0,53250.0,6390000.0,120.0,120.0,120.0,120.0,120.0,120.0,120.0,119.99844,0.00156,0.00229,-0.00073,100.0
2017-09-22,1.0,53250.0,6390000.0,120.0,120.0,120.0,120.0,120.0,120.0,120.0,119.99855,0.00145,0.00213,-0.00068,100.0
2017-09-23,1.0,53250.0,6390000.0,120.0,120.0,120.0,120.0,120.0,120.0,120.0,119.99866,0.00134,0.00197,-0.00063,100.0
2017-09-24,1.0,53250.0,6390000.0,120.0,120.0,120.0,120.0,120.0,120.0,120.0,119.99876,0.00124,0.00182,-0.00058,100.0
2017-09-25,1.0,53250.0,6390000.0,120.0,120.0,120.0,120.0,120.0,120.0,120.0,119.99885,0.00115,0.00169,-0.00054,100.0
2017-09-26,1.0,53250.0,6390000.0,120.0,120.0,120.0,120.0,120.0,120.0,120.0,119.99894,0.00106,0.00156,-0.0005,100.0
2017-09-27,1.0,53250.0,6390000.0,120.0,120.0,120.0,120.0,120.0,120.0,120.0,119.99902,0.00098,0.00145,-0.00046,100.0
2017-09-28,1.0,53250.0,6390000.0,120.0,120.0,120.0,120.0,120.0,120.0,120.0,119.99909,0.00091,0.00134,-0.00043,100.0
2017-09-29,1.0,53250.0,6390000.0,120.0,120.0,120.0,120.0,120.0,120.0,120.0,119.99916,0.00084,0.00124,-0.0004,100.0
2017-09-30,1.0,53250.0,6390000.0,120.0,120.0,120.0,120.0,120.0,120.0,120.0,119.99922,0.00078,0.00115,-0.00037,100.0
2017-10-01,1.0,53250.0,6390000.0,120.0,120.0,120.0,120.0,120.0,120.0,120.0,119.99928,0.00072,0.00106,-0.00034,100.0
2017-10-02,1.0,53250.0,6390000.0,120.0,120.0,120.0,120.0,120.0,120.0,120.0,119.99933,0.00067,0.00098,-0.00031,100.0
2017-10-03,1.0,53250.0,6390000.0,120.0,120.0,120.0,120.0,120.0,120.0,120.0,119.99938,0.00062,0.00091,-0.00029,100.0
2017-10-04,1.0,53250.0,6390000.0,120.0,120.0,120.0,120.0,120.0,120.0,120.0,119.99943,0.00057,0.00084,-0.00027,100.0
2017-10-05,1.0,53250.0,6390000.0,120.0,120.0,120.0,120.0,120.0,120.0,120.0,119.99947,0.00053,0.00078,-0.00025,100.0
2017-10-06,1.0,53250.0,6390000.0,120.0,120.0,120.0,120.0,120.0,120.0,120.0,119.99951,0.00049,0.00072,-0.00023,100.0
2017-10-07,1.0,53250.0,6390000.0,120.0,120.0,120.0,120.0,120.0,120.0,120.0,119.99954,0.00046,0.00067,-0.00021,100.0
2017-10-08,1.0,53250.0,6390000.0,120.0,120.0,120.0,120.0,120.0,120.0,120.0,119.99958,0.00042,0.00062,-0.0002,100.0
2017-10-09,1.0,53250.0,6390000.0,120.0,120.0,120.0,120.0,120.0,120.0,120.0,119.99961,0.00039,0.00057,-0.00018,100.0
2017-10-10,1.0,53250.0,6390000.0,120.0,120.0,120.0,120.0,120.0,120.0,120.0,119.99964,0.00036,0.00053,-0.00017,100.0
2017-10-11,1.0,53250.0,6390000.0,120.0,120.0,120.0,120.0,120.0,120.0,120.0,119.99967,0.00033,0.00049,-0.00016,100.0
2017-10-12,1.0,53250.0,6390000.0,120.0,120.0,120.0,120.0,120.0,120.0,120.0,119.99969,0.00031,0.00046,-0.00015,100.0
2017-10-13,1.0,53250.0,6390000.0,120.0,120.0,120.0,120.0,120.0,120.0,120.0,119.99971,0.00029,0.00042,-0.00014,100.0
2017-10-14,1.0,53250.0,6390000.0,120.0,120.0,120.0,120.0,120.0,120.0,120.0,119.99973,0.00027,0.00039,-0.00013,100.0
2017-10-15,1.0,53250.0,6390000.0,120.0,120.0,120.0,120.0,120.0,120.0,120.0,119.99975,0.00025,0.00036,-0.00012,100.0
2017-10-16,1.0,53250.0,6390000.0,120.0,120.0,120.0,120.0,120.0,120.0,120.0,119.99977,0.00023,0.00034,-0.00011,100.0
2017-10-17,1.0,53250.0,6390000.0,120.0,120.0,120.0,120.0,120.0,120.0,120.0,119.99979,0.00021,0.00031,-0.0001,100.0
2017-10-18,1.0,53250.0,6390000.0,120.0,120.0,120.0,120.0,120.0,120.0,120.0,119.9998,0.0002,0.00029,-9e-05,100.0
2017-10-19,1.0,53250.0,6390000.0,120.0,120.0,120.0,120.0,120.0,120.0,120.0,119.99982,0.00018,0.00027,-9e-05,100.0
2017-10-20,1.0,53250.0,6390000.0,120.0,120.0,120.0,120.0,120.0,120.0,120.0,119.99983,0.00017,0.00025,-8e-05,100.0
2017-10-21,1.0,53250.0,6390000.0,120.0,120.0,120.0,120.0,120.0,120.0,120.0,119.99984,0.00016,0.00023,-7e-05,100.0
2017-10-22,1.0,53250.0,6390000.0,120.0,120.0,120.0,120.0,120.0,120.0,120.0,119.99986,0.00014,0.00021,-7e-05,100.0
2017-10-23,1.0,53250.0,6390000.0,120.0,120.0,120.0,120.0,120.0,120.0,120.0,119.99987,0.00013,0.0002,-6e-05,100.0
2017-10-24,1.0,53250.0,6390000.0,120.0,120.0,120.0,120.0,120.0,120.0,120.0,119.99988,0.00012,0.00018,-6e-05,100.0
2017-10-25,1.0,53250.0,6390000.0,120.0,120.0,120.0,120.0,120.0,120.0,120.0,119.99989,0.00011,0.00017,-5e-05,100.0
2017-10-26,1.0,53250.0,6390000.0,120.0,120.0,120.0,120.0,120.0,120.0,120.0,119.99989,0.00011,0.00016,-5e-05,100.0
2017-10-27,1.0,53250.0,6390000.0,120.0,120.0,120.0,120.0,120.0,120.0,120.0,119.9999,0.0001,0.00014,-5e-05,100.0
2017-10-28,1.0,53250.0,6390000.0,120.0,120.0,120.0,120.0,120.0,120.0,120.0,119.99991,9e-05,0.00013,-4e-05,100.0
2017-10-29,1.0,53250.0,6390000.0,120.0,120.0,120.0,120.0,120.0,120.0,120.0,119.99992,8e-05,0.00012,-4e-05,100.0
2017-10-30,1.0,53250.0,6390000.0,120.0,120.0,120.0,120.0,120.0,120.0,120.0,119.99992,8e-05,0.00011,-4e-05,100.0
2017-10-31,1.0,53250.0,6390000.0,120.0,120.0,120.0,120.0,120.0,120.0,120.0,119.99993,7e-05,0.00011,-3e-05,100.0
2017-11-01,1.0,53250.0,6390000.0,120.0,120.0,120.0,120.0,120.0,120.0,120.0,119.99993,7e-05,0.0001,-3e-05,100.0
2017-11-02,1.0,53250.0,6390000.0,120.0,120.0,120.0,120.0,120.0,120.0,120.0,119.99994,6e-05,9e-05,-3e-05,100.0
2017-11-03,1.0,53250.0,6390000.0,120.0,120.0,120.0,120.0,120.0,120.0,120.0,119.99994,6e-05,8e-05,-3e-05,100.0
2017-11-04,1.0,53250.0,6390000.0,120.0,120.0,120.0,120.0,120.0,120.0,120.0,119.99995,5e-05,8e-05,-2e-05,100.0
2017-11-05,1.0,53250.0,6390000.0,120.0,120.0,120.0,120.0,120.0,120.0,120.0,119.99995,5e-05,7e-05,-2e-05,100.0
2017-11-06,1.0,53250.0,6390000.0,120.0,120.0,120.0,120.0,120.0,120.0,120.0,119.99995,5e-05,7e-05,-2e-05,100.0
2017-11-07,1.0,53250.0,6390000.0,120.0,120.0,120.0,120.0,120.0,120.0,120.0,119.99996,4e-05,6e-05,-2e-05,100.0
2017-11-08,1.0,53250.0,6390000.0,120.0,120.0,120.0,120.0,120.0,120.0,120.0,119.99996,4e-05,6e-05,-2e-05,100.0
2017-11-09,1.0,53250.0,6390000.0,120.0,120.0,120.0,120.0,120.0,120.0,120.0,119.99996,4e-05,5e-05,-2e-05,100.0
2017-11-10,1.0,53250.0,6390000.0,120.0,120.0,120.0,120.0,120.0,120.0,120.0,119.99997,3e-05,5e-05,-2e-05,100.0
2017-11-11,1.0,53250.0,6390000.0,120.0,120.0,120.0,120.0,120.0,120.0,120.0,119.99997,3e-05,5e-05,-1e-05,100.0
2017-11-12,1.0,53250.0,6390000.0,120.0,120.0,120.0,120.0,120.0,120.0,120.0,119.99997,3e-05,4e-05,-1e-05,100.0
2017-11-13,1.0,53250.0,6390000.0,120.0,120.0,120.0,120.0,120.0,120.0,120.0,119.99997,3e-05,4e-05,-1e-05,100.0
2017-11-14,1.0,53250.0,6390000.0,120.0,120.0,120.0,120.0,120.0,120.0,120.0,119.99998,2e-05,4e-05,-1e-05,100.0
2017-11-15,1.0,53250.0,6390000.0,120.0,120.0,120.0,120.0,120.0,120.0,120.0,119.99998,2e-05,3e-05,-1e-05,100.0
2017-11-16,1.0,53250.0,6390000.0,120.0,120.0,120.0,120.0,120.0,120.0,120.0,119.99998,2e-05,3e-05,-1e-05,100.0
2017-11-17,1.0,53250.0,6390000.0,120.0,120.0,120.0,120.0,120.0,120.0,120.0,119.99998,2e-05,3e-05,-1e-05,100.0
2017-11-18,1.0,53250.0,6390000.0,120.0,120.0,120.0,120.0,120.0,120.0,120.0,119.99998,2e-05,3e-05,-1e-05,100.0
2017-11-19,1.0,53250.0,6390000.0,120.0,120.0,120.0,120.0,120.0,120.0,120.0,119.99998,2e-05,2e-05,-1e-05,100.0
2017-11-20,1.0,53250.0,6390000.0,120.0,120.0,120.0,120.0,120.0,120.0,120.0,119.99998,2e-05,2e-05,-1e-05,100.0
2017-11-21,1.0,53250.0,6390000.0,120.0,120.0,120.0,120.0,120.0,120.0,120.0,119.99999,1e-05,2e-05,-1e-05,100.0
2017-11-22,1.0,53250.0,6390000.0,120.0,120.0,120.0,120.0,120.0,120.0,120.0,119.99999,1e-05,2e-05,-1e-05,100.0
2017-11-23,1.0,53250.0,6390000.0,120.0,120.0,120.0,120.0,120.0,120.0,120.0,119.99999,1e-05,2e-05,-1e-05,100.0
2017-11-24,1.0,53250.0,6390000.0,120.0,120.0,120.0,120.0,120.0,120.0,120.0,119.99999,1e-05,2e-05,-1e-05,100.0
2017-11-25,1.0,53250.0,6390000.0,120.0,120.0,120.0,120.0,120.0,120.0,120.0,119.99999,1e-05,2e-05,-0.0,100.0
2017-11-26,1.0,53250.0,6390000.0,120.0,120.0,120.0,120.0,120.0,120.0,120.0,119.99999,1e-05,1e-05,-0.0,100.0
2017-11-27,1.0,53250.0,6390000.0,120.0,120.0,120.0,120.0,120.0,120.0,120.0,119.99999,1e-05,1e-05,-0.0,100.0
2017-11-28,1.0,53250.0,6390000.0,120.0,120.0,120.0,120.0,120.0,120.0,120.0,119.99999,1e-05,1e-05,-0.0,100.0
2017-11-29,1.0,53250.0,6390000.0,120.0,120.0,120.0,120.0,120.0,120.0,120.0,119.99999,1e-05,1e-05,-0.0,100.0
2017-11-30,1.0,53250.0,6390000.0,120.0,120.0,120.0,120.0,120.0,120.0,120.0,119.99999,1e-05,1e-05,-0.0,100.0
2017-12-01,1.0,53250.0,6390000.0,120.0,120.0,120.0,120.0,120.0,120.0,120.0,119.99999,1e-05,1e-05,-0.0,100.0
2017-12-02,1.0,53250.0,6390000.0,120.0,120.0,120.0,120.0,120.0,120.0,120.0,119.99999,1e-05,1e-05,-0.0,100.0
2017-12-03,1.0,53250.0,6390000.0,120.0,120.0,120.0,120.0,120.0,120.0,120.0,119.99999,1e-05,1e-05,-0.0,100.0
2017-12-04,1.0,53250.0,6390000.0,120.0,120.0,120.0,120.0,120.0,120.0,120.0,119.99999,1e-05,1e-05,-0.0,100.0
2017-12-05,1.0,53250.0,6390000.0,120.0,120.0,120.0,120.0,120.0,120.0,120.0,120.0,0.0,1e-05,-0.0,100.0
2017-12-06,1.0,53250.0,6390000.0,120.0,120.0,120.0,120.0,120.0,120.0,120.0,120.0,0.0,1e-05,-0.0,100.0
2017-12-07,1.0,53250.0,6390000.0,120.0,120.0,120.0,120.0,120.0,120.0,120.0,120.0,0.0,1e-05,-0.0,100.0
2017-12-08,1.0,53250.0,6390000.0,120.0,120.0,120.0,120.0,120.0,120.0,120.0,120.0,0.0,1e-05,-0.0,100.0
2017-12-09,1.0,53250.0,6390000.0,120.0,120.0,120.0,120.0,120.0,120.0,120.0,120.0,0.0,1e-05,-0.0,100.0
2017-12-10,1.0,53250.0,6390000.0,120.0,120.0,120.0,120.0,120.0,120.0,120.0,120.0,0.0,0.0,-0.0,100.0
2017-12-11,1.0,53250.0,6390000.0,120.0,120.0,120.0,120.0,120.0,120.0,120.0,120.0,0.0,0.0,-0.0,100.0
2017-12-12,1.0,53250.0,6390000.0,120.0,120.0,120.0,120.0,120.0,120.0,120.0,120.0,0.0,0.0,-0.0,100.0
2017-12-13,1.0,53250.0,6390000.0,120.0,120.0,120.0,120.0,120.0,120.0,120.0,120.0,0.0,0.0,-0.0,100.0
2017-12-14,1.0,53250.0,6390000.0,120.0,120.0,120.0,120.0,120.0,120.0,120.0,120.0,0.0,0.0,-0.0,100.0
2017-12-15,1.0,53250.0,6390000.0,120.0,120.0,120.0,120.0,120.0,120.0,120.0,120.0,0.0,0.0,-0.0,100.0
2017-12-16,1.0,53250.0,6390000.0,120.0,120.0,120.0,120.0,120.0,120.0,120.0,120.0,0.0,0.0,-0.0,100.0
2017-12-17,1.0,53250.0,6390000.0,120.0,120.0,120.0,120.0,120.0,120.0,120.0,120.0,0.0,0.0,-0.0,100.0
2017-12-18,1.0,53250.0,6390000.0,120.0,120.0,120.0,120.0,120.0,120.0,120.0,120.0,0.0,0.0,-0.0,100.0
2017-12-19,1.0,53250.0,6390000.0,120.0,120.0,120.0,120.0,120.0,120.0,120.0,120.0,0.0,0.0,-0.0,100.0
2017-12-20,1.0,53250.0,6390000.0,120.0,120.0,120.0,120.0,120.0,120.0,120.0,120.0,0.0,0.0,-0.0,100.0
2017-12-21,1.0,53250.0,6390000.0,120.0,120.0,120.0,120.0,120.0,120.0,120.0,120.0,0.0,0.0,-0.0,100.0
2017-12-22,1.0,53250.0,6390000.0,120.0,120.0,120.0,120.0,120.0,120.0,120.0,120.0,0.0,0.0,-0.0,100.0
2017-12-23,1.0,53250.0,6390000.0,120.0,120.0,120.0,120.0,120.0,120.0,120.0,120.0,0.0,0.0,-0.0,100.0
2017-12-24,1.0,53250.0,6390000.0,120.0,120.0,120.0,120.0,120.0,120.0,120.0,120.0,0.0,0.0,-0.0,100.0
2017-12-25,1.0,53250.0,6390000.0,120.0,120.0,120.0,120.0,120.0,120.0,120.0,120.0,0.0,0.0,-0.0,100.0
2017-12-26,1.0,53250.0,6390000.0,120.0,120.0,120.0,120.0,120.0,120.0,120.0,120.0,0.0,0.0,-0.0,100.0
2017-12-27,1.0,53250.0,6390000.0,120.0,120.0,120.0,120.0,120.0,120.0,120.0,120.0,0.0,0.0,-0.0,100.0
2017-12-28,1.0,53250.0,6390000.0,120.0,120.0,120.0,120.0,120.0,120.0,120.0,120.0,0.0,0.0,-0.0,100.0
2017-12-29,1.0,53250.0,6390000.0,120.0,120.0,120.0,120.0,120.0,120.0,120.0,120.0,0.0,0.0,-0.0,100.0
2017-12-30,1.0,53250.0,6390000.0,120.0,120.0,120.0,120.0,120.0,120.0,120.0,120.0,0.0,0.0,-0.0,100.0
2017-12-31,1.0,53250.0,6390000.0,120.0,120.0,120.0,120.0,120.0,120.0,120.0,120.0,0.0,0.0,-0.0,100.0
2018-01-01,1.0,53250.0,6390000.0,120.0,120.0,120.0,120.0,120.0,120.0,120.0,120.0,0.0,0.0,-0.0,100.0
2018-01-02,1.0,53250.0,6390000.0,120.0,120.0,120.0,120.0,120.0,120.0,120.0,120.0,0.0,0.0,-0.0,100.0
2018-01-03,1.0,53250.0,6390000.0,120.0,120.0,120.0,120.0,120.0,120.0,120.0,120.0,0.0,0.0,-0.0,100.0
2018-01-04,1.0,53250.0,6390000.0,120.0,120.0,120.0,120.0,120.0,120.0,120.0,120.0,0.0,0.0,-0.0,100.0
2018-01-05,1.0,53250.0,6390000.0,120.0,120.0,120.0,120.0,120.0,120.0,120.0,120.0,0.0,0.0,-0.0,100.0
2018-01-06,1.0,53250.0,6390000.0,120.0,120.0,120.0,120.0,120.0,120.0,120.0,120.0,0.0,0.0,-0.0,100.0
2018-01-07,1.0,53250.0,6390000.0,120.0,120.0,120.0,120.0,120.0,120.0,120.0,120.0,0.0,0.0,-0.0,100.0
2018-01-08,1.0,53250.0,6390000.0,120.0,120.0,120.0,120.0,120.0,120.0,120.0,120.0,0.0,0.0,-0.0,100.0
2018-01-09,1.0,53250.0,6390000.0,120.0,120.0,120.0,120.0,120.0,120.0,120.0,120.0,0.0,0.0,-0.0,100.0
2018-01-10,1.0,53250.0,6390000.0,120.0,120.0,120.0,120.0,120.0,120.0,120.0,120.0,0.0,0.0,-0.0,100.0
2018-01-11,1.0,53250.0,6390000.0,120.0,120.0,120.0,120.0,120.0,120.0,120.0,120.0,0.0,0.0,-0.0,100.0
2018-01-12,1.0,53250.0,6390000.0,120.0,120.0,120.0,120.0,120.0,120.0,120.0,120.0,0.0,0.0,-0.0,100.0
2018-01-13,1.0,53250.0,6390000.0,120.0,120.0,120.0,120.0,120.0,120.0,120.0,120.0,0.0,0.0,-0.0,100.0
2018-01-14,1.0,53250.0,6390000.0,120.0,120.0,120.0,120.0,120.0,120.0,120.0,120.0,0.0,0.0,-0.0,100.0
2018-01-15,1.0,53250.0,6390000.0,120.0,120.0,120.0,120.0,120.0,120.0,120.0,120.0,0.0,0.0,-0.0,100.0
2018-01-16,1.0,53250.0,6390000.0,120.0,120.0,120.0,120.0,120.0,120.0,120.0,120.0,0.0,0.0,-0.0,100.0
2018-01-17,1.0,53250.0,6390000.0,120.0,120.0,120.0,120.0,120.0,120.0,120.0,120.0,0.0,0.0,-0.0,100.0
2018-01-18,1.0,53250.0,6390000.0,120.0,120.0,120.0,120.0,120.0,120.0,120.0,120.0,0.0,0.0,-0.0,100.0
2018-01-19,1.0,53250.0,6390000.0,120.0,120.0,120.0,120.0,120.0,120.0,120.0,120.0,0.0,0.0,-0.0,100.0
2018-01-20,1.0,53250.0,6390000.0,120.0,120.0,120.0,120.0,120.0,120.0,120.0,120.0,0.0,0.0,-0.0,100.0
2018-01-21,1.0,53250.0,6390000.0,120.0,120.0,120.0,120.0,120.0,120.0,120.0,120.0,0.0,0.0,-0.0,100.0
2018-01-22,1.0,53250.0,6390000.0,120.0,120.0,120.0,120.0,120.0,120.0,120.0,120.0,0.0,0.0,-0.0,100.0
2018-01-23,1.0,53250.0,6390000.0,120.0,120.0,120.0,120.0,120.0,120.0,120.0,120.0,0.0,0.0,-0.0,100.0
2018-01-24,1.0,53250.0,6390000.0,120.0,120.0,120.0,120.0,120.0,120.0,120.0,120.0,0.0,0.0,-0.0,100.0
2018-01-25,1.0,53250.0,6390000.0,120.0,120.0,120.0,120.0,120.0,120.0,120.0,120.0,0.0,0.0,-0.0,100.0
2018-01-26,1.0,53250.0,6390000.0,120.0,120.0,120.0,120.0,120.0,120.0,120.0,120.0,0.0,0.0,-0.0,100.0
2018-01-27,1.0,53250.0,6390000.0,120.0,120.0,120.0,120.0,120.0,120.0,120.0,120.0,0.0,0.0,-0.0,100.0
2018-01-28,1.0,53250.0,6390000.0,120.0,120.0,120.0,120.0,120.0,120.0,120.0,120.0,0.0,0.0,-0.0,100.0
2018-01-29,1.0,53250.0,6390000.0,120.0,120.0,120.0,120.0,120.0,120.0,120.0,120.0,0.0,0.0,-0.0,100.0
2018-01-30,1.0,53250.0,6390000.0,120.0,120.0,120.0,120.0,120.0,120.0,120.0,120.0,0.0,0.0,-0.0,100.0
2018-01-31,1.0,53250.0,6390000.0,120.0,120.0,120.0,120.0,120.0,120.0,120.0,120.0,0.0,0.0,-0.0,100.0
2018-02-01,1.0,53250.0,6390000.0,120.0,120.0,120.0,120.0,120.0,120.0,120.0,120.0,0.0,0.0,-0.0,100.0
2018-02-02,1.0,53250.0,6390000.0,120.0,120.0,120.0,120.0,120.0,120.0,120.0,120.0,0.0,0.0,-0.0,100.0
2018-02-03,1.0,53250.0,6390000.0,120.0,120.0,120.0,120.0,120.0,120.0,120.0,120.0,0.0,0.0,-0.0,100.0
2018-02-04,1.0,10.0,1220.0,122.0,120.0,122.0,120.0,120.14286,120.26667,120.30769,120.14815,0.15954,0.03191,0.12764,100.0
2018-02-05,1.0,10.0,1220.0,122.0,122.0,122.0,122.0,120.28571,120.49778,120.56805,120.28532,0.28273,0.08207,0.20065,100.0
2018-02-06,1.0,10.0,1220.0,122.0,122.0,122.0,122.0,120.42857,120.69807,120.78835,120.41234,0.37601,0.14086,0.23515,100.0
2018-02-07,1.0,10.0,1220.0,122.0,122.0,122.0,122.0,120.57143,120.87166,120.97476,120.52994,0.44482,0.20165,0.24316,100.0
2018-02-08,1.0,10.0,1220.0,122.0,122.0,122.0,122.0,120.71429,121.02211,121.13249,120.63883,0.49365,0.26005,0.2336,100.0
2018-02-09,1.0,10.0,1220.0,122.0,122.0,122.0,122.0,120.85714,121.15249,121.26595,120.73966,0.52629,0.3133,0.21299,100.0
2018-02-10,1.0,10.0,1220.0,122.0,122.0,122.0,122.0,121.0,121.2655,121.37888,120.83302,0.54586,0.35981,0.18605,100.0
2018-02-11,1.0,10.0,1220.0,122.0,122.0,122.0,122.0,121.14286,121.36343,121.47444,120.91946,0.55497,0.39884,0.15613,100.0
2018-02-12,1.0,10.0,1220.0,122.0,122.0,122.0,122.0,121.28571,121.44831,121.55529,120.9995,0.55579,0.43023,0.12556,100.0
2018-02-13,1.0,10.0,1220.0,122.0,122.0,122.0,122.0,121.42857,121.52186,121.62371,121.07361,0.5501,0.45421,0.09589,100.0
2018-02-14,1.0,10.0,1220.0,122.0,122.0,122.0,122.0,121.57143,121.58562,121.6816,121.14223,0.53937,0.47124,0.06813,100.0
2018-02-15,1.0,10.0,1220.0,122.0,122.0,122.0,122.0,121.71429,121.64087,121.73058,121.20577,0.52481,0.48195,0.04286,100.0
2018-02-16,1.0,10.0,1220.0,122.0,122.0,122.0,122.0,121.85714,121.68875,121.77203,121.2646,0.50743,0.48705,0.02038,100.0
2018-02-17,1.0,10.0,1220.0,122.0,122.0,122.0,122.0,122.0,121.73025,121.80711,121.31908,0.48803,0.48724,0.00078,100.0
2018-02-18,1.0,10.0,1220.0,122.0,122.0,122.0,122.0,122.0,121.76622,121.83678,121.36952,0.46726,0.48325,-0.01598,100.0
2018-02-19,1.0,10.0,1220.0,122.0,122.0,122.0,122.0,122.0,121.79739,121.86189,121.41622,0.44567,0.47573,-0.03006,100.0
2018-02-20,1.0,10.0,1220.0,122.0,122.0,122.0,122.0,122.0,121.8244,121.88314,121.45946,0.42368,0.46532,-0.04164,100.0
2018-02-21,1.0,10.0,1220.0,122.0,122.0,122.0,122.0,122.0,121.84782,121.90112,121.4995,0.40162,0.45258,-0.05096,100.0
2018-02-22,1.0,10.0,1220.0,122.0,122.0,122.0,122.0,122.0,121.86811,121.91633,121.53658,0.37975,0.43802,-0.05826,100.0
2018-02-23,1.0,10.0,1220.0,122.0,122.0,122.0,122.0,122.0,121.88569,121.9292,121.5709,0.3583,0.42207,-0.06377,100.0
2018-02-24,1.0,10.0,1220.0,122.0,122.0,122.0,122.0,122.0,121.90093,121.94009,121.60269,0.33741,0.40514,-0.06773,100.0
2018-02-25,1.0,10.0,1220.0,122.0,122.0,122.0,122.0,122.0,121.91414,121.94931,121.63212,0.31719,0.38755,-0.07036,100.0
2018-02-26,1.0,10.0,1220.0,122.0,122.0,122.0,122.0,122.0,121.92559,121.95711,121.65937,0.29774,0.36959,-0.07185,100.0
2018-02-27,1.0,10.0,1220.0,122.0,122.0,122.0,122.0,122.0,121.93551,121.96371,121.6846,0.27911,0.35149,-0.07238,100.0
2018-02-28,1.0,10.0,1220.0,122.0,122.0,122.0,122.0,122.0,121.94411,121.96929,121.70796,0.26133,0.33346,-0.07213,100.0
2018-03-01,1.0,10.0,1220.0,122.0,122.0,122.0,122.0,122.0,121.95156,121.97402,121.7296,0.24442,0.31565,-0.07123,100.0
2018-03-02,1.0,10.0,1220.0,122.0,122.0,122.0,122.0,122.0,121.95802,121.97801,121.74963,0.22839,0.2982,-0.06981,100.0
2018-03-03,1.0,10.0,1220.0,122.0,122.0,122.0,122.0,122.0,121.96362,121.9814,121.76817,0.21322,0.2812,-0.06798,100.0
2018-03-04,1.0,10.0,1220.0,122.0,122.0,122.0,122.0,122.0,121.96847,121.98426,121.78534,0.19891,0.26474,-0.06583,100.0
2018-03-05,1.0,10.0,1220.0,122.0,122.0,122.0,122.0,122.0,121.97267,121.98668,121.80125,0.18543,0.24888,-0.06345,100.0
2018-03-06,1.0,10.0,1220.0,122.0,122.0,122.0,122.0,122.0,121.97632,121.98873,121.81597,0.17276,0.23366,-0.0609,100.0
2018-03-07,1.0,10.0,1220.0,122.0,122.0,122.0,122.0,122.0,121.97947,121.99046,121.8296,0.16086,0.2191,-0.05824,100.0
2018-03-08,1.0,10.0,1220.0,122.0,122.0,122.0,122.0,122.0,121.98221,121.99193,121.84222,0.14971,0.20522,-0.05551,100.0
2018-03-09,1.0,10.0,1220.0,122.0,122.0,122.0,122.0,122.0,121.98458,121.99317,121.85391,0.13926,0.19203,-0.05277,100.0
2018-03-10,1.0,10.0,1220.0,122.0,122.0,122.0,122.0,122.0,121.98664,121.99422,121.86473,0.12949,0.17952,-0.05003,100.0
2018-03-11,1.0,10.0,1220.0,122.0,122.0,122.0,122.0,122.0,121.98842,121.99511,121.87475,0.12036,0.16769,-0.04733,100.0
2018-03-12,1.0,10.0,1220.0,122.0,122.0,122.0,122.0,122.0,121.98996,121.99586,121.88403,0.11183,0.15652,-0.04468,100.0
2018-03-13,1.0,10.0,1220.0,122.0,122.0,122.0,122.0,122.0,121.9913,121.9965,121.89262,0.10388,0.14599,-0.04211,100.0
2018-03-14,1.0,10.0,1220.0,122.0,122.0,122.0,122.0,122.0,121.99246,121.99704,121.90057,0.09647,0.13609,-0.03962,100.0
2018-03-15,1.0,10.0,1220.0,122.0,122.0,122.0,122.0,122.0,121.99347,121.99749,121.90794,0.08956,0.12678,-0.03722,100.0
2018-03-16,1.0,10.0,1220.0,122.0,122.0,122.0,122.0,122.0,121.99434,121.99788,121.91476,0.08312,0.11805,-0.03493,100.0
2018-03-17,1.0,10.0,1220.0,122.0,122.0,122.0,122.0,122.0,121.99509,121.99821,121.92107,0.07713,0.10987,-0.03273,100.0
2018-03-18,1.0,10.0,1220.0,122.0,122.0,122.0,122.0,122.0,121.99575,121.99848,121.92692,0.07156,0.1022,-0.03064,100.0
2018-03-19,1.0,10.0,1220.0,122.0,122.0,122.0,122.0,122.0,121.99631,121.99872,121.93233,0.06638,0.09504,-0.02866,100.0
2018-03-20,1.0,10.0,1220.0,122.0,122.0,122.0,122.0,122.0,121.99681,121.99891,121.93734,0.06157,0.08835,-0.02678,100.0
2018-03-21,1.0,10.0,1220.0,122.0,122.0,122.0,122.0,122.0,121.99723,121.99908,121.94199,0.05709,0.0821,-0.025,100.0
2018-03-22,1.0,10.0,1220.0,122.0,122.0,122.0,122.0,122.0,121.9976,121.99922,121.94628,0.05294,0.07626,-0.02333,100.0
2018-03-23,1.0,10.0,1220.0,122.0,122.0,122.0,122.0,122.0,121.99792,121.99934,121.95026,0.04908,0.07083,-0.02175,100.0
2018-03-24,1.0,10.0,1220.0,122.0,122.0,122.0,122.0,122.0,121.9982,121.99944,121.95395,0.0455,0.06576,-0.02026,100.0
2018-03-25,1.0,10.0,1220.0,122.0,122.0,122.0,122.0,122.0,121.99844,121.99953,121.95736,0.04217,0.06104,-0.01887,100.0
2018-03-26,1.0,10.0,1220.0,122.0,122.0,122.0,122.0,122.0,121.99865,121.9996,121.96052,0.03908,0.05665,-0.01757,100.0
2018-03-27,1.0,10.0,1220.0,122.0,122.0,122.0,122.0,122.0,121.99883,121.99966,121.96344,0.03622,0.05257,-0.01634,100.0
2018-03-28,1.0,10.0,1220.0,122.0,122.0,122.0,122.0,122.0,121.99898,121.99971,121.96615,0.03357,0.04877,-0.0152,100.0
2018-03-29,1.0,10.0,1220.0,122.0,122.0,122.0,122.0,122.0,121.99912,121.99976,121.96866,0.0311,0.04523,-0.01413,100.0
2018-03-30,1.0,10.0,1220.0,122.0,122.0,122.0,122.0,122.0,121.99924,121.9998,121.97098,0.02882,0.04195,-0.01313,100.0
2018-03-31,1.0,10.0,1220.0,122.0,122.0,122.0,122.0,122.0,121.99934,121.99983,121.97313,0.0267,0.0389,-0.0122,100.0
2018-04-01,1.0,10.0,1240.0,124.0,122.0,124.0,122.0,122.14286,122.26609,122.30755,122.12327,0.18428,0.06798,0.1163,100.0
